{"cameraMode":{"drawMode":0,"name":"Shaded","section":"Shading Mode"},"sceneLighting":false,"audioPlay":false,"sceneViewState":{"showFog":false,"showMaterialUpdate":false,"showSkybox":false,"showFlares":false,"showImageEffects":false,"showParticleSystems":false},"in2DMode":false,"pivot":{"x":3.625999927520752,"y":2.134000062942505,"z":3.223360061645508},"rotation":{"x":-0.49266791343688967,"y":-0.05553485453128815,"z":0.03152557089924812,"w":-0.8678750991821289},"size":0.2660284638404846,"orthographic":false}