{"cameraMode":{"drawMode":0,"name":"Shaded","section":"Shading Mode"},"sceneLighting":false,"audioPlay":false,"sceneViewState":{"showFog":false,"showMaterialUpdate":false,"showSkybox":false,"showFlares":false,"showImageEffects":false,"showParticleSystems":false},"in2DMode":false,"pivot":{"x":3.150211811065674,"y":1.340000033378601,"z":2.4800000190734865},"rotation":{"x":-0.37730494141578677,"y":0.2222210019826889,"z":-0.09377288818359375,"w":-0.8941311240196228},"size":0.21650634706020356,"orthographic":false}