{"cameraMode":{"drawMode":0,"name":"Shaded","section":"Shading Mode"},"sceneLighting":true,"audioPlay":false,"sceneViewState":{"showFog":false,"showMaterialUpdate":false,"showSkybox":false,"showFlares":false,"showImageEffects":false,"showParticleSystems":false},"in2DMode":false,"pivot":{"x":5.519116401672363,"y":-0.8820133209228516,"z":1.8040790557861329},"rotation":{"x":-0.39339807629585268,"y":-0.12434691190719605,"z":0.05379645898938179,"w":-0.9093338847160339},"size":3.956728219985962,"orthographic":false}