{"cameraMode":{"drawMode":0,"name":"Shaded","section":"Shading Mode"},"sceneLighting":true,"audioPlay":false,"sceneViewState":{"showFog":false,"showMaterialUpdate":false,"showSkybox":false,"showFlares":false,"showImageEffects":false,"showParticleSystems":false},"in2DMode":false,"pivot":{"x":3.247048854827881,"y":-0.22052812576293946,"z":-0.1433391571044922},"rotation":{"x":-0.37730494141578677,"y":0.2222210019826889,"z":-0.09377288818359375,"w":-0.8941311240196228},"size":4.377750396728516,"orthographic":false}