{"cameraMode":{"drawMode":0,"name":"Shaded","section":"Shading Mode"},"sceneLighting":true,"audioPlay":false,"sceneViewState":{"showFog":false,"showMaterialUpdate":false,"showSkybox":false,"showFlares":false,"showImageEffects":false,"showParticleSystems":false},"in2DMode":false,"pivot":{"x":2.861316680908203,"y":-2.159363269805908,"z":0.1423015594482422},"rotation":{"x":-0.007408571895211935,"y":0.7738541960716248,"z":-0.6332563757896423,"w":-0.009053953923285008},"size":16.51423454284668,"orthographic":false}