{"cameraMode":{"drawMode":0,"name":"Shaded","section":"Shading Mode"},"sceneLighting":true,"audioPlay":false,"sceneViewState":{"showFog":false,"showMaterialUpdate":false,"showSkybox":false,"showFlares":false,"showImageEffects":false,"showParticleSystems":false},"in2DMode":false,"pivot":{"x":3.247048854827881,"y":-0.22052812576293946,"z":-0.1433391571044922},"rotation":{"x":-0.5310835838317871,"y":0.21015186607837678,"z":-0.13792887330055238,"w":-0.8091769814491272},"size":4.377750396728516,"orthographic":false}