{"cameraMode":{"drawMode":0,"name":"Shaded","section":"Shading Mode"},"sceneLighting":true,"audioPlay":false,"sceneViewState":{"showFog":false,"showMaterialUpdate":false,"showSkybox":false,"showFlares":false,"showImageEffects":false,"showParticleSystems":false},"in2DMode":false,"pivot":{"x":3.247048854827881,"y":-0.22052812576293946,"z":-0.1433391571044922},"rotation":{"x":-0.0061648255214095119,"y":0.9372186064720154,"z":-0.3482946455478668,"w":-0.0165896937251091},"size":7.677752494812012,"orthographic":false}